target_key,category,sequence,target_index,schedule,final_type,row_source,psnr,ssim,ms_ssim,lpips,payload_bytes,status_note
bike-packing:00011,false_negative_residual,bike-packing,11,uniform_gap8,middle_recovery,stage170,25.622482706829217,0.7986683249473572,0.9771068096160889,0.2319265902042389,180774.0,Stage174 rendered/reused middle recovery
bike-packing:00011,false_negative_residual,bike-packing,11,stage165_adaptive,middle_recovery,stage170,25.622482706829217,0.7986683249473572,0.9771068096160889,0.2319265902042389,180774.0,Stage174 rendered/reused middle recovery
bike-packing:00011,false_negative_residual,bike-packing,11,uniform_gap4,middle_recovery,stage170,26.182696699719585,0.8381914496421814,0.9832944869995117,0.20223389565944672,167178.0,Stage174 rendered/reused middle recovery
bike-packing:00026,false_negative_residual,bike-packing,26,uniform_gap8,middle_recovery,stage170,25.04849410359389,0.8315314650535583,0.982702910900116,0.19343437254428864,159176.0,Stage174 rendered/reused middle recovery
bike-packing:00026,false_negative_residual,bike-packing,26,stage165_adaptive,middle_recovery,stage170,25.04849410359389,0.8315314650535583,0.982702910900116,0.19343437254428864,159176.0,Stage174 rendered/reused middle recovery
bike-packing:00026,false_negative_residual,bike-packing,26,uniform_gap4,middle_recovery,stage170,25.009165401284168,0.825884997844696,0.9821392893791199,0.19825026392936707,165579.0,Stage174 rendered/reused middle recovery
bike-packing:00046,positive_promoted_extension,bike-packing,46,uniform_gap8,middle_recovery,stage174_rendered,26.028224454433442,0.8463454246520996,0.983997106552124,0.17925328016281128,239630.0,Stage174 rendered/reused middle recovery
bike-packing:00046,positive_promoted_extension,bike-packing,46,stage165_adaptive,q12_target_keyframe,stage174_keyframe_marker,26.201655199688936,0.8600264191627502,0.9874252676963806,0.16041170060634613,0.0,Target is transmitted as q12 keyframe; PSNR is keyframe render quality
bike-packing:00046,positive_promoted_extension,bike-packing,46,uniform_gap4,middle_recovery,stage174_rendered,25.72814190108804,0.8251795768737793,0.9814755916595459,0.19889308512210846,211478.0,Stage174 rendered/reused middle recovery
blackswan:00010,high_payload_residual_control,blackswan,10,uniform_gap8,middle_recovery,stage170,29.820765753596852,0.8785794377326965,0.9860641360282898,0.1637483835220337,238863.0,Stage174 rendered/reused middle recovery
blackswan:00010,high_payload_residual_control,blackswan,10,stage165_adaptive,middle_recovery,stage170,29.820765753596852,0.8785794377326965,0.9860641360282898,0.1637483835220337,238863.0,Stage174 rendered/reused middle recovery
blackswan:00010,high_payload_residual_control,blackswan,10,uniform_gap4,middle_recovery,stage170,29.774708175547254,0.8754997253417969,0.9857913851737976,0.16632652282714844,239072.0,Stage174 rendered/reused middle recovery
blackswan:00021,high_payload_residual_control_extension,blackswan,21,uniform_gap8,middle_recovery,stage174_rendered,29.532253410680767,0.8641613125801086,0.9840983748435974,0.18338865041732788,231887.0,Stage174 rendered/reused middle recovery
blackswan:00021,high_payload_residual_control_extension,blackswan,21,stage165_adaptive,middle_recovery,stage174_rendered,29.532253410680767,0.8641613125801086,0.9840983748435974,0.18338865041732788,231887.0,Stage174 rendered/reused middle recovery
blackswan:00021,high_payload_residual_control_extension,blackswan,21,uniform_gap4,middle_recovery,stage174_rendered,29.993041439257844,0.8843846321105957,0.9865955114364624,0.1594529002904892,224833.0,Stage174 rendered/reused middle recovery
blackswan:00023,high_payload_residual_control_extension,blackswan,23,uniform_gap8,middle_recovery,stage174_rendered,30.283530221824208,0.8926516175270081,0.987189769744873,0.15252235531806946,224272.0,Stage174 rendered/reused middle recovery
blackswan:00023,high_payload_residual_control_extension,blackswan,23,stage165_adaptive,middle_recovery,stage174_rendered,30.283530221824208,0.8926516175270081,0.987189769744873,0.15252235531806946,224272.0,Stage174 rendered/reused middle recovery
blackswan:00023,high_payload_residual_control_extension,blackswan,23,uniform_gap4,middle_recovery,stage174_rendered,30.29329210357583,0.8927242159843445,0.987244188785553,0.15124574303627014,228000.0,Stage174 rendered/reused middle recovery
blackswan:00035,high_payload_residual_control_extension,blackswan,35,uniform_gap8,middle_recovery,stage174_rendered,29.643894551920273,0.872429370880127,0.9855258464813232,0.17870968580245972,236919.0,Stage174 rendered/reused middle recovery
blackswan:00035,high_payload_residual_control_extension,blackswan,35,stage165_adaptive,middle_recovery,stage174_rendered,29.643894551920273,0.872429370880127,0.9855258464813232,0.17870968580245972,236919.0,Stage174 rendered/reused middle recovery
blackswan:00035,high_payload_residual_control_extension,blackswan,35,uniform_gap4,middle_recovery,stage174_rendered,29.93624604505344,0.8861104846000671,0.9872103929519653,0.162162184715271,226344.0,Stage174 rendered/reused middle recovery
breakdance:00006,false_negative_residual,breakdance,6,uniform_gap8,middle_recovery,stage170,25.242663608239635,0.8441993594169617,0.9827916026115417,0.1973235011100769,142447.0,Stage174 rendered/reused middle recovery
breakdance:00006,false_negative_residual,breakdance,6,stage165_adaptive,middle_recovery,stage170,25.242663608239635,0.8441993594169617,0.9827916026115417,0.1973235011100769,142447.0,Stage174 rendered/reused middle recovery
breakdance:00006,false_negative_residual,breakdance,6,uniform_gap4,middle_recovery,stage170,25.43353421114179,0.8589251041412354,0.9844872355461121,0.17762990295886993,146547.0,Stage174 rendered/reused middle recovery
breakdance:00025,false_negative_residual,breakdance,25,uniform_gap8,middle_recovery,stage170,25.860161576534495,0.8725733160972595,0.986964225769043,0.1530057042837143,120437.0,Stage174 rendered/reused middle recovery
breakdance:00025,false_negative_residual,breakdance,25,stage165_adaptive,middle_recovery,stage170,25.860161576534495,0.8725733160972595,0.986964225769043,0.1530057042837143,120437.0,Stage174 rendered/reused middle recovery
breakdance:00025,false_negative_residual,breakdance,25,uniform_gap4,middle_recovery,stage170,25.713629052613758,0.8658719062805176,0.9860079288482666,0.16875958442687988,121358.0,Stage174 rendered/reused middle recovery
breakdance:00055,false_negative_residual,breakdance,55,uniform_gap8,middle_recovery,stage170,25.646853679285627,0.8635783195495605,0.9855007529258728,0.16487006843090057,124240.0,Stage174 rendered/reused middle recovery
breakdance:00055,false_negative_residual,breakdance,55,stage165_adaptive,middle_recovery,stage170,25.646853679285627,0.8635783195495605,0.9855007529258728,0.16487006843090057,124240.0,Stage174 rendered/reused middle recovery
breakdance:00055,false_negative_residual,breakdance,55,uniform_gap4,middle_recovery,stage170,25.543566837921947,0.8591480255126953,0.9847486615180969,0.17139467597007751,126100.0,Stage174 rendered/reused middle recovery
breakdance:00061,false_negative_residual,breakdance,61,uniform_gap8,middle_recovery,stage170,25.42756354330215,0.8515632152557373,0.9833353161811829,0.17937248945236206,155857.0,Stage174 rendered/reused middle recovery
breakdance:00061,false_negative_residual,breakdance,61,stage165_adaptive,middle_recovery,stage170,25.42756354330215,0.8515632152557373,0.9833353161811829,0.17937248945236206,155857.0,Stage174 rendered/reused middle recovery
breakdance:00061,false_negative_residual,breakdance,61,uniform_gap4,middle_recovery,stage170,25.777127938056964,0.8653737902641296,0.9862820506095886,0.16307392716407776,120633.0,Stage174 rendered/reused middle recovery
camel:00047,positive_promoted,camel,47,uniform_gap8,middle_recovery,stage170,25.63080698204644,0.8051636815071106,0.9805572628974915,0.18640795350074768,228886.0,Stage174 rendered/reused middle recovery
camel:00047,positive_promoted,camel,47,stage165_adaptive,q12_target_keyframe,stage170,25.67376262905522,0.8087899088859558,0.9825831055641174,0.1785331666469574,0.0,Target is transmitted as q12 keyframe; PSNR is keyframe render quality
camel:00047,positive_promoted,camel,47,uniform_gap4,middle_recovery,stage170,25.6279590122115,0.8051662445068359,0.9805587530136108,0.18633119761943817,230502.0,Stage174 rendered/reused middle recovery
camel:00051,positive_promoted_extension,camel,51,uniform_gap8,middle_recovery,stage168,25.462231766778423,0.7953999042510986,0.9788277745246887,0.1916840374469757,249508.0,Stage174 rendered/reused middle recovery
camel:00051,positive_promoted_extension,camel,51,stage165_adaptive,q12_target_keyframe,stage168,25.600132613179596,0.8042654991149902,0.9819626808166504,0.18335258960723877,0.0,Target is transmitted as q12 keyframe; PSNR is keyframe render quality
camel:00051,positive_promoted_extension,camel,51,uniform_gap4,middle_recovery,stage168,25.53339946053153,0.8007097244262695,0.979963481426239,0.18961508572101593,225503.0,Stage174 rendered/reused middle recovery
camel:00075,positive_promoted,camel,75,uniform_gap8,middle_recovery,stage170,25.335479237043415,0.7892621159553528,0.9782888889312744,0.1993795931339264,244271.0,Stage174 rendered/reused middle recovery
camel:00075,positive_promoted,camel,75,stage165_adaptive,q12_target_keyframe,stage170,25.397419219921126,0.7929010391235352,0.9805324077606201,0.1921868622303009,0.0,Target is transmitted as q12 keyframe; PSNR is keyframe render quality
camel:00075,positive_promoted,camel,75,uniform_gap4,middle_recovery,stage170,25.347832098161827,0.7896723747253418,0.9786298274993896,0.1988976001739502,209494.0,Stage174 rendered/reused middle recovery
car-roundabout:00029,positive_promoted,car-roundabout,29,uniform_gap8,middle_recovery,stage170,27.358873991637168,0.8846953511238098,0.9866604804992676,0.16709744930267334,238748.0,Stage174 rendered/reused middle recovery
car-roundabout:00029,positive_promoted,car-roundabout,29,stage165_adaptive,q12_target_keyframe,stage170,27.788394820546216,0.9029920697212219,0.9908003211021423,0.13082319498062134,0.0,Target is transmitted as q12 keyframe; PSNR is keyframe render quality
car-roundabout:00029,positive_promoted,car-roundabout,29,uniform_gap4,middle_recovery,stage170,27.663026726106743,0.8953476548194885,0.9882344007492065,0.14895430207252502,222153.0,Stage174 rendered/reused middle recovery
car-roundabout:00059,positive_promoted,car-roundabout,59,uniform_gap8,middle_recovery,stage170,25.83436466326493,0.8735002875328064,0.9850653409957886,0.16122722625732422,243263.0,Stage174 rendered/reused middle recovery
car-roundabout:00059,positive_promoted,car-roundabout,59,stage165_adaptive,q12_target_keyframe,stage170,26.08171852522942,0.8870430588722229,0.9886817932128906,0.13702422380447388,0.0,Target is transmitted as q12 keyframe; PSNR is keyframe render quality
car-roundabout:00059,positive_promoted,car-roundabout,59,uniform_gap4,middle_recovery,stage170,25.98485821152527,0.880132257938385,0.9862064123153687,0.1529761403799057,224613.0,Stage174 rendered/reused middle recovery
cows:00019,positive_promoted,cows,19,uniform_gap8,middle_recovery,stage170,24.683578335685752,0.7718524932861328,0.9754337072372437,0.20931853353977203,238528.0,Stage174 rendered/reused middle recovery
cows:00019,positive_promoted,cows,19,stage165_adaptive,q12_target_keyframe,stage170,24.745207711863518,0.7758738994598389,0.9773591160774231,0.203828826546669,0.0,Target is transmitted as q12 keyframe; PSNR is keyframe render quality
cows:00019,positive_promoted,cows,19,uniform_gap4,middle_recovery,stage170,24.70318608724209,0.7733585238456726,0.975851833820343,0.20844119787216187,225030.0,Stage174 rendered/reused middle recovery
cows:00042,positive_promoted_extension,cows,42,uniform_gap8,middle_recovery,stage174_rendered,24.676416846228694,0.7653282284736633,0.9749327301979065,0.21696004271507263,215843.0,Stage174 rendered/reused middle recovery
cows:00042,positive_promoted_extension,cows,42,stage165_adaptive,q12_target_keyframe,stage174_keyframe_marker,24.803061292307227,0.7723533511161804,0.9775480628013611,0.20999354124069214,0.0,Target is transmitted as q12 keyframe; PSNR is keyframe render quality
cows:00042,positive_promoted_extension,cows,42,uniform_gap4,middle_recovery,stage174_rendered,24.57382531762606,0.7601264119148254,0.9739313721656799,0.2170761227607727,211346.0,Stage174 rendered/reused middle recovery
cows:00060,positive_promoted,cows,60,uniform_gap8,middle_recovery,stage170,24.68471859771818,0.7651322484016418,0.9746426343917847,0.20881597697734833,231584.0,Stage174 rendered/reused middle recovery
cows:00060,positive_promoted,cows,60,stage165_adaptive,q12_target_keyframe,stage170,24.83721590775727,0.7746913433074951,0.9775350093841553,0.20389516651630402,0.0,Target is transmitted as q12 keyframe; PSNR is keyframe render quality
cows:00060,positive_promoted,cows,60,uniform_gap4,q12_target_keyframe,stage170,24.83721590775727,0.7746913433074951,0.9775350093841553,0.20389516651630402,0.0,Target is transmitted as q12 keyframe; PSNR is keyframe render quality
dance-twirl:00066,false_negative_residual,dance-twirl,66,uniform_gap8,middle_recovery,stage170,26.210709813221435,0.7946869730949402,0.9789363741874695,0.26627326011657715,200324.0,Stage174 rendered/reused middle recovery
dance-twirl:00066,false_negative_residual,dance-twirl,66,stage165_adaptive,middle_recovery,stage170,26.122999794968553,0.7899426817893982,0.9776554703712463,0.2735501527786255,197156.0,Stage174 rendered/reused middle recovery
dance-twirl:00066,false_negative_residual,dance-twirl,66,uniform_gap4,middle_recovery,stage170,26.122999794968553,0.7899426817893982,0.9776554703712463,0.2735501527786255,197156.0,Stage174 rendered/reused middle recovery
dance-twirl:00068,positive_promoted_extension,dance-twirl,68,uniform_gap8,middle_recovery,stage174_rendered,26.483361587273105,0.7961500287055969,0.977317214012146,0.2708978056907654,212763.0,Stage174 rendered/reused middle recovery
dance-twirl:00068,positive_promoted_extension,dance-twirl,68,stage165_adaptive,q12_target_keyframe,stage174_keyframe_marker,27.017210746533372,0.8219904899597168,0.983790934085846,0.22935819625854492,0.0,Target is transmitted as q12 keyframe; PSNR is keyframe render quality
dance-twirl:00068,positive_promoted_extension,dance-twirl,68,uniform_gap4,q12_target_keyframe,stage174_keyframe_marker,27.017210746533372,0.8219904899597168,0.983790934085846,0.22935819625854492,0.0,Target is transmitted as q12 keyframe; PSNR is keyframe render quality
dance-twirl:00082,positive_promoted_extension,dance-twirl,82,uniform_gap8,middle_recovery,stage174_rendered,27.54126416196803,0.8415862917900085,0.9825935363769531,0.2156399041414261,220569.0,Stage174 rendered/reused middle recovery
dance-twirl:00082,positive_promoted_extension,dance-twirl,82,stage165_adaptive,q12_target_keyframe,stage174_keyframe_marker,27.903029205020676,0.8582615852355957,0.9872617125511169,0.18091200292110443,0.0,Target is transmitted as q12 keyframe; PSNR is keyframe render quality
dance-twirl:00082,positive_promoted_extension,dance-twirl,82,uniform_gap4,middle_recovery,stage174_rendered,27.389016543533767,0.8342739939689636,0.9815340638160706,0.2247844934463501,215387.0,Stage174 rendered/reused middle recovery
dog:00006,high_payload_residual_control,dog,6,uniform_gap8,middle_recovery,stage170,31.70441138775616,0.8999980092048645,0.9888197183609009,0.13781623542308807,231368.0,Stage174 rendered/reused middle recovery
dog:00006,high_payload_residual_control,dog,6,stage165_adaptive,middle_recovery,stage170,31.79914914562881,0.9031074643135071,0.9892780184745789,0.13357289135456085,237480.0,Stage174 rendered/reused middle recovery
dog:00006,high_payload_residual_control,dog,6,uniform_gap4,middle_recovery,stage170,31.48631829272292,0.8931205868721008,0.9878554344177246,0.15496239066123962,233064.0,Stage174 rendered/reused middle recovery
dog:00017,high_payload_residual_control,dog,17,uniform_gap8,middle_recovery,stage170,30.338584311034364,0.8840034008026123,0.9879853129386902,0.16765959560871124,234327.0,Stage174 rendered/reused middle recovery
dog:00017,high_payload_residual_control,dog,17,stage165_adaptive,middle_recovery,stage170,30.338584311034364,0.8840034008026123,0.9879853129386902,0.16765959560871124,234327.0,Stage174 rendered/reused middle recovery
dog:00017,high_payload_residual_control,dog,17,uniform_gap4,middle_recovery,stage170,30.263989567847865,0.8807784914970398,0.9875989556312561,0.1706315129995346,234218.0,Stage174 rendered/reused middle recovery
dogs-jump:00010,selector_false_positive_keyframe_control,dogs-jump,10,uniform_gap8,middle_recovery,stage174_rendered,31.59162098659429,0.8600298762321472,0.9806579351425171,0.181843563914299,155854.0,Stage174 rendered/reused middle recovery
dogs-jump:00010,selector_false_positive_keyframe_control,dogs-jump,10,stage165_adaptive,q12_target_keyframe,stage174_keyframe_marker,32.6332003134894,0.9007654786109924,0.9893344640731812,0.10117612779140472,0.0,Target is transmitted as q12 keyframe; PSNR is keyframe render quality
dogs-jump:00010,selector_false_positive_keyframe_control,dogs-jump,10,uniform_gap4,middle_recovery,stage174_rendered,31.87607084507757,0.8698728680610657,0.9823572635650635,0.17143702507019043,170048.0,Stage174 rendered/reused middle recovery
dogs-jump:00020,false_negative_residual,dogs-jump,20,uniform_gap8,middle_recovery,stage170,30.57019814002359,0.818131685256958,0.9752129912376404,0.2771647870540619,167862.0,Stage174 rendered/reused middle recovery
dogs-jump:00020,false_negative_residual,dogs-jump,20,stage165_adaptive,middle_recovery,stage170,30.57019814002359,0.818131685256958,0.9752129912376404,0.2771647870540619,167862.0,Stage174 rendered/reused middle recovery
dogs-jump:00020,false_negative_residual,dogs-jump,20,uniform_gap4,q12_target_keyframe,stage170,32.36904605217908,0.8962740302085876,0.9894211292266846,0.11103986948728561,0.0,Target is transmitted as q12 keyframe; PSNR is keyframe render quality
drift-chicane:00006,selector_false_positive_keyframe_control,drift-chicane,6,uniform_gap8,middle_recovery,stage174_rendered,30.261442307228403,0.8867740631103516,0.9868971705436707,0.18118873238563538,124854.0,Stage174 rendered/reused middle recovery
drift-chicane:00006,selector_false_positive_keyframe_control,drift-chicane,6,stage165_adaptive,q12_target_keyframe,stage174_keyframe_marker,30.426745929572135,0.8949971199035645,0.9898756742477417,0.15662918984889984,0.0,Target is transmitted as q12 keyframe; PSNR is keyframe render quality
drift-chicane:00006,selector_false_positive_keyframe_control,drift-chicane,6,uniform_gap4,middle_recovery,stage174_rendered,30.38820115093291,0.8858557343482971,0.9865443110466003,0.19082926213741302,128347.0,Stage174 rendered/reused middle recovery
drift-chicane:00035,selector_false_positive_keyframe_control,drift-chicane,35,uniform_gap8,middle_recovery,stage174_rendered,30.314249778415828,0.8816809058189392,0.9850721955299377,0.20931608974933624,136072.0,Stage174 rendered/reused middle recovery
drift-chicane:00035,selector_false_positive_keyframe_control,drift-chicane,35,stage165_adaptive,q12_target_keyframe,stage174_keyframe_marker,30.51404163443291,0.8991649746894836,0.9900827407836914,0.1570097804069519,0.0,Target is transmitted as q12 keyframe; PSNR is keyframe render quality
drift-chicane:00035,selector_false_positive_keyframe_control,drift-chicane,35,uniform_gap4,middle_recovery,stage174_rendered,30.389364799075622,0.8949095606803894,0.9875394701957703,0.17147435247898102,108987.0,Stage174 rendered/reused middle recovery
gold-fish:00002,normal_residual_control,gold-fish,2,uniform_gap8,middle_recovery,stage174_rendered,33.516296096969164,0.9070984721183777,0.9816491603851318,0.07747763395309448,213123.0,Stage174 rendered/reused middle recovery
gold-fish:00002,normal_residual_control,gold-fish,2,stage165_adaptive,middle_recovery,stage174_rendered,33.516296096969164,0.9070984721183777,0.9816491603851318,0.07747763395309448,213123.0,Stage174 rendered/reused middle recovery
gold-fish:00002,normal_residual_control,gold-fish,2,uniform_gap4,middle_recovery,stage174_rendered,33.491265520373915,0.9062957167625427,0.9815685749053955,0.07862904667854309,215749.0,Stage174 rendered/reused middle recovery
gold-fish:00049,normal_residual_control,gold-fish,49,uniform_gap8,middle_recovery,stage174_rendered,33.37035851948761,0.9073403477668762,0.9823495149612427,0.07448727637529373,184199.0,Stage174 rendered/reused middle recovery
gold-fish:00049,normal_residual_control,gold-fish,49,stage165_adaptive,middle_recovery,stage174_rendered,33.37035851948761,0.9073403477668762,0.9823495149612427,0.07448727637529373,184199.0,Stage174 rendered/reused middle recovery
gold-fish:00049,normal_residual_control,gold-fish,49,uniform_gap4,middle_recovery,stage174_rendered,33.35466764233975,0.9066658020019531,0.9822714328765869,0.07521992921829224,185164.0,Stage174 rendered/reused middle recovery
gold-fish:00055,normal_residual_control,gold-fish,55,uniform_gap8,middle_recovery,stage174_rendered,33.304551467092345,0.9056475758552551,0.982086718082428,0.07445908337831497,185201.0,Stage174 rendered/reused middle recovery
gold-fish:00055,normal_residual_control,gold-fish,55,stage165_adaptive,middle_recovery,stage174_rendered,33.304551467092345,0.9056475758552551,0.982086718082428,0.07445908337831497,185201.0,Stage174 rendered/reused middle recovery
gold-fish:00055,normal_residual_control,gold-fish,55,uniform_gap4,middle_recovery,stage174_rendered,33.303051185573665,0.9053661227226257,0.9820603132247925,0.07468410581350327,186524.0,Stage174 rendered/reused middle recovery
gold-fish:00070,normal_residual_control,gold-fish,70,uniform_gap8,middle_recovery,stage174_rendered,33.43463997708507,0.9012097716331482,0.9816533327102661,0.07719160616397858,192241.0,Stage174 rendered/reused middle recovery
gold-fish:00070,normal_residual_control,gold-fish,70,stage165_adaptive,middle_recovery,stage174_rendered,33.43463997708507,0.9012097716331482,0.9816533327102661,0.07719160616397858,192241.0,Stage174 rendered/reused middle recovery
gold-fish:00070,normal_residual_control,gold-fish,70,uniform_gap4,middle_recovery,stage174_rendered,33.52168948008948,0.8979284167289734,0.9808476567268372,0.08349402248859406,195876.0,Stage174 rendered/reused middle recovery
horsejump-high:00015,selector_false_positive_keyframe_control,horsejump-high,15,uniform_gap8,middle_recovery,stage174_rendered,28.119707176231408,0.8791284561157227,0.9840161204338074,0.1598365157842636,213145.0,Stage174 rendered/reused middle recovery
horsejump-high:00015,selector_false_positive_keyframe_control,horsejump-high,15,stage165_adaptive,q12_target_keyframe,stage174_keyframe_marker,28.29748915560141,0.8937705159187317,0.9895212650299072,0.13833294808864594,0.0,Target is transmitted as q12 keyframe; PSNR is keyframe render quality
horsejump-high:00015,selector_false_positive_keyframe_control,horsejump-high,15,uniform_gap4,middle_recovery,stage174_rendered,28.099262144365802,0.8766851425170898,0.9837742447853088,0.16000674664974213,210595.0,Stage174 rendered/reused middle recovery
horsejump-high:00046,high_payload_residual_control_extension,horsejump-high,46,uniform_gap8,middle_recovery,stage174_rendered,27.609750083354182,0.8734596371650696,0.9830613732337952,0.15531954169273376,220046.0,Stage174 rendered/reused middle recovery
horsejump-high:00046,high_payload_residual_control_extension,horsejump-high,46,stage165_adaptive,middle_recovery,stage174_rendered,27.609750083354182,0.8734596371650696,0.9830613732337952,0.15531954169273376,220046.0,Stage174 rendered/reused middle recovery
horsejump-high:00046,high_payload_residual_control_extension,horsejump-high,46,uniform_gap4,middle_recovery,stage174_rendered,27.626824875422624,0.8742809295654297,0.9831863045692444,0.15468835830688477,220517.0,Stage174 rendered/reused middle recovery
india:00027,positive_promoted,india,27,uniform_gap8,middle_recovery,stage170,31.727685844595296,0.8596524596214294,0.9805073738098145,0.23860138654708862,233735.0,Stage174 rendered/reused middle recovery
india:00027,positive_promoted,india,27,stage165_adaptive,q12_target_keyframe,stage170,33.96997746758113,0.9406776428222656,0.9928357005119324,0.09175875782966614,0.0,Target is transmitted as q12 keyframe; PSNR is keyframe render quality
india:00027,positive_promoted,india,27,uniform_gap4,middle_recovery,stage170,32.98135810794082,0.906589686870575,0.9864897131919861,0.17582623660564423,221610.0,Stage174 rendered/reused middle recovery
india:00030,positive_promoted,india,30,uniform_gap8,middle_recovery,stage170,32.04372980040284,0.8643271327018738,0.9803212285041809,0.24491067230701447,230255.0,Stage174 rendered/reused middle recovery
india:00030,positive_promoted,india,30,stage165_adaptive,q12_target_keyframe,stage170,34.30541366588323,0.9414668083190918,0.9927492141723633,0.09583662450313568,0.0,Target is transmitted as q12 keyframe; PSNR is keyframe render quality
india:00030,positive_promoted,india,30,uniform_gap4,middle_recovery,stage170,31.833316061805085,0.8586801886558533,0.9793757796287537,0.2481166124343872,237655.0,Stage174 rendered/reused middle recovery
lab-coat:00010,high_payload_residual_control_extension,lab-coat,10,uniform_gap8,middle_recovery,stage174_rendered,28.29881826100862,0.8668813705444336,0.9854397773742676,0.17790499329566956,217729.0,Stage174 rendered/reused middle recovery
lab-coat:00010,high_payload_residual_control_extension,lab-coat,10,stage165_adaptive,middle_recovery,stage174_rendered,28.29881826100862,0.8668813705444336,0.9854397773742676,0.17790499329566956,217729.0,Stage174 rendered/reused middle recovery
lab-coat:00010,high_payload_residual_control_extension,lab-coat,10,uniform_gap4,middle_recovery,stage174_rendered,28.26420284277614,0.8649073243141174,0.9851789474487305,0.17963165044784546,225545.0,Stage174 rendered/reused middle recovery
libby:00018,high_payload_residual_control,libby,18,uniform_gap8,middle_recovery,stage170,32.2933298708418,0.860724687576294,0.980495810508728,0.20074515044689178,251498.0,Stage174 rendered/reused middle recovery
libby:00018,high_payload_residual_control,libby,18,stage165_adaptive,middle_recovery,stage170,33.46085017636697,0.8973371982574463,0.9854229092597961,0.13682487607002258,246279.0,Stage174 rendered/reused middle recovery
libby:00018,high_payload_residual_control,libby,18,uniform_gap4,middle_recovery,stage170,32.7872643629876,0.8752465844154358,0.9826985001564026,0.17209970951080322,257925.0,Stage174 rendered/reused middle recovery
motocross-jump:00013,positive_promoted,motocross-jump,13,uniform_gap8,middle_recovery,stage170,31.063829825022648,0.7812431454658508,0.9654493927955627,0.3191358745098114,263358.0,Stage174 rendered/reused middle recovery
motocross-jump:00013,positive_promoted,motocross-jump,13,stage165_adaptive,q12_target_keyframe,stage170,36.00498298727014,0.9485910534858704,0.9932141304016113,0.0848405584692955,0.0,Target is transmitted as q12 keyframe; PSNR is keyframe render quality
motocross-jump:00013,positive_promoted,motocross-jump,13,uniform_gap4,middle_recovery,stage170,33.23198281080156,0.8665189743041992,0.9809311032295227,0.2331462800502777,244937.0,Stage174 rendered/reused middle recovery
motocross-jump:00022,positive_promoted,motocross-jump,22,uniform_gap8,middle_recovery,stage170,32.51566190094791,0.8911518454551697,0.9843597412109375,0.24619509279727936,247999.0,Stage174 rendered/reused middle recovery
motocross-jump:00022,positive_promoted,motocross-jump,22,stage165_adaptive,q12_target_keyframe,stage170,34.7230078658803,0.9633579254150391,0.9958063960075378,0.0886726826429367,0.0,Target is transmitted as q12 keyframe; PSNR is keyframe render quality
motocross-jump:00022,positive_promoted,motocross-jump,22,uniform_gap4,middle_recovery,stage170,30.119209546194526,0.799853503704071,0.9659498333930969,0.33573687076568604,253183.0,Stage174 rendered/reused middle recovery
motocross-jump:00023,positive_promoted_extension,motocross-jump,23,uniform_gap8,middle_recovery,stage168,33.73711967135464,0.9318807721138,0.9887822866439819,0.19372843205928802,236236.0,Stage174 rendered/reused middle recovery
motocross-jump:00023,positive_promoted_extension,motocross-jump,23,stage165_adaptive,q12_target_keyframe,stage168,34.72708118783171,0.963740885257721,0.9955734610557556,0.09358599781990051,0.0,Target is transmitted as q12 keyframe; PSNR is keyframe render quality
motocross-jump:00023,positive_promoted_extension,motocross-jump,23,uniform_gap4,middle_recovery,stage168,32.663031483960296,0.8911888003349304,0.9837796092033386,0.265142023563385,241694.0,Stage174 rendered/reused middle recovery
paragliding-launch:00018,high_payload_residual_control_extension,paragliding-launch,18,uniform_gap8,middle_recovery,stage174_rendered,29.26343582576235,0.8002673983573914,0.9743897914886475,0.200591042637825,222111.0,Stage174 rendered/reused middle recovery
paragliding-launch:00018,high_payload_residual_control_extension,paragliding-launch,18,stage165_adaptive,middle_recovery,stage174_rendered,29.26343582576235,0.8002673983573914,0.9743897914886475,0.200591042637825,222111.0,Stage174 rendered/reused middle recovery
paragliding-launch:00018,high_payload_residual_control_extension,paragliding-launch,18,uniform_gap4,middle_recovery,stage174_rendered,29.18206116843764,0.7951533198356628,0.974165141582489,0.20101866126060486,217607.0,Stage174 rendered/reused middle recovery
parkour:00015,high_payload_residual_control_extension,parkour,15,uniform_gap8,middle_recovery,stage174_rendered,29.32513033444037,0.8651668429374695,0.9846137166023254,0.16706347465515137,220588.0,Stage174 rendered/reused middle recovery
parkour:00015,high_payload_residual_control_extension,parkour,15,stage165_adaptive,middle_recovery,stage174_rendered,29.32513033444037,0.8651668429374695,0.9846137166023254,0.16706347465515137,220588.0,Stage174 rendered/reused middle recovery
parkour:00015,high_payload_residual_control_extension,parkour,15,uniform_gap4,middle_recovery,stage174_rendered,29.319853135921633,0.8644894957542419,0.9844995141029358,0.1671568751335144,223015.0,Stage174 rendered/reused middle recovery
parkour:00087,positive_promoted_extension,parkour,87,uniform_gap8,middle_recovery,stage174_rendered,25.783851442535276,0.8151230812072754,0.9807788133621216,0.20480650663375854,218629.0,Stage174 rendered/reused middle recovery
parkour:00087,positive_promoted_extension,parkour,87,stage165_adaptive,q12_target_keyframe,stage174_keyframe_marker,25.920616846383414,0.8231777548789978,0.9835963249206543,0.18988604843616486,0.0,Target is transmitted as q12 keyframe; PSNR is keyframe render quality
parkour:00087,positive_promoted_extension,parkour,87,uniform_gap4,middle_recovery,stage174_rendered,25.729023406510624,0.8113656044006348,0.9802846908569336,0.209231898188591,217363.0,Stage174 rendered/reused middle recovery
parkour:00090,positive_promoted_extension,parkour,90,uniform_gap8,middle_recovery,stage174_rendered,25.56769999688809,0.800015926361084,0.9787485599517822,0.22302022576332092,223869.0,Stage174 rendered/reused middle recovery
parkour:00090,positive_promoted_extension,parkour,90,stage165_adaptive,q12_target_keyframe,stage174_keyframe_marker,25.880542795571024,0.8202226161956787,0.9837514758110046,0.194299578666687,0.0,Target is transmitted as q12 keyframe; PSNR is keyframe render quality
parkour:00090,positive_promoted_extension,parkour,90,uniform_gap4,middle_recovery,stage174_rendered,25.409730501702526,0.790982723236084,0.9773632287979126,0.2288757860660553,229963.0,Stage174 rendered/reused middle recovery
pigs:00044,high_payload_residual_control_extension,pigs,44,uniform_gap8,middle_recovery,stage174_rendered,32.36086746918035,0.8682002425193787,0.9830214381217957,0.17234298586845398,232006.0,Stage174 rendered/reused middle recovery
pigs:00044,high_payload_residual_control_extension,pigs,44,stage165_adaptive,middle_recovery,stage174_rendered,32.36086746918035,0.8682002425193787,0.9830214381217957,0.17234298586845398,232006.0,Stage174 rendered/reused middle recovery
pigs:00044,high_payload_residual_control_extension,pigs,44,uniform_gap4,q12_target_keyframe,stage174_keyframe_marker,34.03707407231179,0.9204404354095459,0.992315948009491,0.09683818370103836,0.0,Target is transmitted as q12 keyframe; PSNR is keyframe render quality
scooter-black:00004,positive_promoted,scooter-black,4,uniform_gap8,middle_recovery,stage170,24.4885691478027,0.860408365726471,0.9826357960700989,0.20375370979309082,218516.0,Stage174 rendered/reused middle recovery
scooter-black:00004,positive_promoted,scooter-black,4,stage165_adaptive,q12_target_keyframe,stage170,24.865771865211276,0.8812634348869324,0.9891049265861511,0.17033608257770538,0.0,Target is transmitted as q12 keyframe; PSNR is keyframe render quality
scooter-black:00004,positive_promoted,scooter-black,4,uniform_gap4,q12_target_keyframe,stage170,24.865771865211276,0.8812634348869324,0.9891049265861511,0.17033608257770538,0.0,Target is transmitted as q12 keyframe; PSNR is keyframe render quality
scooter-black:00010,positive_promoted,scooter-black,10,uniform_gap8,middle_recovery,stage170,25.139113673960868,0.8793522715568542,0.984836757183075,0.20580781996250153,223623.0,Stage174 rendered/reused middle recovery
scooter-black:00010,positive_promoted,scooter-black,10,stage165_adaptive,q12_target_keyframe,stage170,25.31829586541633,0.8913974761962891,0.98980712890625,0.16774390637874603,0.0,Target is transmitted as q12 keyframe; PSNR is keyframe render quality
scooter-black:00010,positive_promoted,scooter-black,10,uniform_gap4,middle_recovery,stage170,25.11918262531335,0.878140389919281,0.9847619533538818,0.2064022421836853,225433.0,Stage174 rendered/reused middle recovery
shooting:00007,positive_promoted,shooting,7,uniform_gap8,middle_recovery,stage170,35.400259805160104,0.9470732808113098,0.9913724064826965,0.14264389872550964,240428.0,Stage174 rendered/reused middle recovery
shooting:00007,positive_promoted,shooting,7,stage165_adaptive,q12_target_keyframe,stage170,36.14975274651963,0.9641492962837219,0.9958207011222839,0.08117498457431793,0.0,Target is transmitted as q12 keyframe; PSNR is keyframe render quality
shooting:00007,positive_promoted,shooting,7,uniform_gap4,middle_recovery,stage170,35.227434595209886,0.9421463012695312,0.9908420443534851,0.16433610022068024,238787.0,Stage174 rendered/reused middle recovery
shooting:00012,positive_promoted,shooting,12,uniform_gap8,middle_recovery,stage170,32.64275504495283,0.8721089363098145,0.9837605357170105,0.28768661618232727,249775.0,Stage174 rendered/reused middle recovery
shooting:00012,positive_promoted,shooting,12,stage165_adaptive,q12_target_keyframe,stage170,36.1647720346951,0.9664149880409241,0.996120810508728,0.07618208974599838,0.0,Target is transmitted as q12 keyframe; PSNR is keyframe render quality
shooting:00012,positive_promoted,shooting,12,uniform_gap4,q12_target_keyframe,stage170,36.1647720346951,0.9664149880409241,0.996120810508728,0.07618208974599838,0.0,Target is transmitted as q12 keyframe; PSNR is keyframe render quality
